"module_id","case_id","label","outcome","request_transmitted","framework","reference_id","reference_title","mapping_strength","reference_url","finding_ids","evidence_refs"
"active-vulnerability-validation","secure","secure SQL control","NO_FINDING","true","OWASP_WSTG","WSTG-v42-INPV-05","Testing for SQL Injection","DIRECT","https://wstg.owasp.org/v4.2/4-Web_Application_Security_Testing/07-Input_Validation_Testing/05-Testing_for_SQL_Injection/","","standards-evidence://active-vulnerability-validation/2d882209449cbe00354b8f73ea28e967"
"active-vulnerability-validation","secure","secure SQL control","NO_FINDING","true","OWASP_ASVS","v5.0.0-1.2.4","Verify that data selection or database queries (e.g., SQL, HQL, NoSQL, Cypher) use parameterized queries, ORMs, entity frameworks, or are otherwise protected from SQL Injection and other database injection attacks. This is also relevant when writing stored procedures.","DIRECT","https://github.com/OWASP/ASVS/blob/v5.0.0/5.0/docs_en/OWASP_Application_Security_Verification_Standard_5.0.0_en.flat.json","","standards-evidence://active-vulnerability-validation/2d882209449cbe00354b8f73ea28e967"
"active-vulnerability-validation","secure","secure SQL control","NO_FINDING","true","CWE","CWE-89","Improper Neutralization of Special Elements used in an SQL Command ('SQL Injection')","SUPPORTING","https://cwe.mitre.org/data/definitions/89.html","","standards-evidence://active-vulnerability-validation/2d882209449cbe00354b8f73ea28e967"
"active-vulnerability-validation","secure","secure SQL control","NO_FINDING","true","CAPEC","CAPEC-66","SQL Injection","SUPPORTING","https://capec.mitre.org/data/definitions/66.html","","standards-evidence://active-vulnerability-validation/2d882209449cbe00354b8f73ea28e967"
"active-vulnerability-validation","vulnerable","vulnerable SQL control","FINDING","true","OWASP_WSTG","WSTG-v42-INPV-05","Testing for SQL Injection","DIRECT","https://wstg.owasp.org/v4.2/4-Web_Application_Security_Testing/07-Input_Validation_Testing/05-Testing_for_SQL_Injection/","active-c01d4456afb013cc","standards-evidence://active-vulnerability-validation/b8032fc2a864299ea550966e286c7247"
"active-vulnerability-validation","vulnerable","vulnerable SQL control","FINDING","true","OWASP_ASVS","v5.0.0-1.2.4","Verify that data selection or database queries (e.g., SQL, HQL, NoSQL, Cypher) use parameterized queries, ORMs, entity frameworks, or are otherwise protected from SQL Injection and other database injection attacks. This is also relevant when writing stored procedures.","DIRECT","https://github.com/OWASP/ASVS/blob/v5.0.0/5.0/docs_en/OWASP_Application_Security_Verification_Standard_5.0.0_en.flat.json","active-c01d4456afb013cc","standards-evidence://active-vulnerability-validation/b8032fc2a864299ea550966e286c7247"
"active-vulnerability-validation","vulnerable","vulnerable SQL control","FINDING","true","CWE","CWE-89","Improper Neutralization of Special Elements used in an SQL Command ('SQL Injection')","SUPPORTING","https://cwe.mitre.org/data/definitions/89.html","active-c01d4456afb013cc","standards-evidence://active-vulnerability-validation/b8032fc2a864299ea550966e286c7247"
"active-vulnerability-validation","vulnerable","vulnerable SQL control","FINDING","true","CAPEC","CAPEC-66","SQL Injection","SUPPORTING","https://capec.mitre.org/data/definitions/66.html","active-c01d4456afb013cc","standards-evidence://active-vulnerability-validation/b8032fc2a864299ea550966e286c7247"
"baseline","probe/1/438f6e023249a62a","Baseline response probe","OBSERVED","true","OWASP_WSTG","WSTG-v42-INFO-04","Enumerate Applications on Webserver","DIRECT","https://wstg.owasp.org/v4.2/4-Web_Application_Security_Testing/01-Information_Gathering/04-Enumerate_Applications_on_Webserver/","","standards-evidence://baseline/c7c93ff8957d40391c529231f8f5733b"
"baseline","probe/1/438f6e023249a62a","Baseline response probe","OBSERVED","true","OWASP_WSTG","WSTG-v42-INFO-06","Identify Application Entry Points","DIRECT","https://wstg.owasp.org/v4.2/4-Web_Application_Security_Testing/01-Information_Gathering/06-Identify_Application_Entry_Points/","","standards-evidence://baseline/c7c93ff8957d40391c529231f8f5733b"
"baseline","probe/1/438f6e023249a62a","Baseline response probe","OBSERVED","true","OWASP_API_TOP_10","API9:2023","Improper Inventory Management","DIRECT","https://owasp.org/API-Security/editions/2023/en/0xa9-improper-inventory-management/","","standards-evidence://baseline/c7c93ff8957d40391c529231f8f5733b"
"baseline","probe/2/bd91d38cd2632033","Baseline response probe","OBSERVED","true","OWASP_WSTG","WSTG-v42-INFO-04","Enumerate Applications on Webserver","DIRECT","https://wstg.owasp.org/v4.2/4-Web_Application_Security_Testing/01-Information_Gathering/04-Enumerate_Applications_on_Webserver/","","standards-evidence://baseline/b33d89ba72089aed4c2df33d8b4d32e3"
"baseline","probe/2/bd91d38cd2632033","Baseline response probe","OBSERVED","true","OWASP_WSTG","WSTG-v42-INFO-06","Identify Application Entry Points","DIRECT","https://wstg.owasp.org/v4.2/4-Web_Application_Security_Testing/01-Information_Gathering/06-Identify_Application_Entry_Points/","","standards-evidence://baseline/b33d89ba72089aed4c2df33d8b4d32e3"
"baseline","probe/2/bd91d38cd2632033","Baseline response probe","OBSERVED","true","OWASP_API_TOP_10","API9:2023","Improper Inventory Management","DIRECT","https://owasp.org/API-Security/editions/2023/en/0xa9-improper-inventory-management/","","standards-evidence://baseline/b33d89ba72089aed4c2df33d8b4d32e3"
"baseline","probe/3/7902c0ca9e4076c9","Baseline response probe","OBSERVED","true","OWASP_WSTG","WSTG-v42-INFO-04","Enumerate Applications on Webserver","DIRECT","https://wstg.owasp.org/v4.2/4-Web_Application_Security_Testing/01-Information_Gathering/04-Enumerate_Applications_on_Webserver/","","standards-evidence://baseline/1a0092c1adf96389da1831e5c9e0baa0"
"baseline","probe/3/7902c0ca9e4076c9","Baseline response probe","OBSERVED","true","OWASP_WSTG","WSTG-v42-INFO-06","Identify Application Entry Points","DIRECT","https://wstg.owasp.org/v4.2/4-Web_Application_Security_Testing/01-Information_Gathering/06-Identify_Application_Entry_Points/","","standards-evidence://baseline/1a0092c1adf96389da1831e5c9e0baa0"
"baseline","probe/3/7902c0ca9e4076c9","Baseline response probe","OBSERVED","true","OWASP_API_TOP_10","API9:2023","Improper Inventory Management","DIRECT","https://owasp.org/API-Security/editions/2023/en/0xa9-improper-inventory-management/","","standards-evidence://baseline/1a0092c1adf96389da1831e5c9e0baa0"
"parameter-analysis","module-review","parameter-analysis completed review","OBSERVED","true","OWASP_WSTG","WSTG-v42-INFO-06","Identify Application Entry Points","DIRECT","https://wstg.owasp.org/v4.2/4-Web_Application_Security_Testing/01-Information_Gathering/06-Identify_Application_Entry_Points/","","standards-evidence://parameter-analysis/47fac628566bd2b5741a58da0d878e5f"
"parameter-analysis","module-review","parameter-analysis completed review","OBSERVED","true","OWASP_WSTG","WSTG-v42-INPV-04","Testing for HTTP Parameter Pollution","DIRECT","https://wstg.owasp.org/v4.2/4-Web_Application_Security_Testing/07-Input_Validation_Testing/04-Testing_for_HTTP_Parameter_Pollution/","","standards-evidence://parameter-analysis/47fac628566bd2b5741a58da0d878e5f"
"parameter-analysis","module-review","parameter-analysis completed review","OBSERVED","true","OWASP_ASVS","v5.0.0-2.2.1","Verify that input is validated to enforce business or functional expectations for that input. This should either use positive validation against an allow list of values, patterns, and ranges, or be based on comparing the input to an expected structure and logical limits according to predefined rules. For L1, this can focus on input which is used to make specific business or security decisions. For L2 and up, this should apply to all input.","DIRECT","https://github.com/OWASP/ASVS/blob/v5.0.0/5.0/docs_en/OWASP_Application_Security_Verification_Standard_5.0.0_en.flat.json","","standards-evidence://parameter-analysis/47fac628566bd2b5741a58da0d878e5f"
"parameter-analysis","module-review","parameter-analysis completed review","OBSERVED","true","CWE","CWE-20","Improper Input Validation","SUPPORTING","https://cwe.mitre.org/data/definitions/20.html","","standards-evidence://parameter-analysis/47fac628566bd2b5741a58da0d878e5f"
